Type,Name,Request Count,Failure Count,Median Response Time,Average Response Time,Min Response Time,Max Response Time,Average Content Size,Requests/s,Failures/s,50%,66%,75%,80%,90%,95%,98%,99%,99.9%,99.99%,100%
POST,chat.failover,1652,0,38,65.04065049130759,16.30920698517002,1737.619633990107,294.0,86.8550233931657,0.0,38,49,56,62,86,110,160,1300,1700,1700,1700
,Aggregated,1652,0,38,65.04065049130759,16.30920698517002,1737.619633990107,294.0,86.8550233931657,0.0,38,49,56,62,86,110,160,1300,1700,1700,1700
