Type,Name,Request Count,Failure Count,Median Response Time,Average Response Time,Min Response Time,Max Response Time,Average Content Size,Requests/s,Failures/s,50%,66%,75%,80%,90%,95%,98%,99%,99.9%,99.99%,100%
POST,chat.failing_provider,591,0,6,17.93324454325486,2.257760992506519,715.8649500051979,168.0,53.72173140873098,0.0,6,7,8,9,10,13,51,690,720,720,720
,Aggregated,591,0,6,17.93324454325486,2.257760992506519,715.8649500051979,168.0,53.72173140873098,0.0,6,7,8,9,10,13,51,690,720,720,720
