Type,Name,Request Count,Failure Count,Median Response Time,Average Response Time,Min Response Time,Max Response Time,Average Content Size,Requests/s,Failures/s,50%,66%,75%,80%,90%,95%,98%,99%,99.9%,99.99%,100%
POST,chat.normal,1411,0,20,28.275174816227487,9.671720996266231,348.3093880058732,292.0,100.71329776120061,0.0,20,23,27,29,38,54,170,230,330,350,350
,Aggregated,1411,0,20,28.275174816227487,9.671720996266231,348.3093880058732,292.0,100.71329776120061,0.0,20,23,27,29,38,54,170,230,330,350,350
