Type,Name,Request Count,Failure Count,Median Response Time,Average Response Time,Min Response Time,Max Response Time,Average Content Size,Requests/s,Failures/s,50%,66%,75%,80%,90%,95%,98%,99%,99.9%,99.99%,100%
POST,chat.slow_provider,110,0,1511.5699660091195,1519.3454197015274,1511.5699660091195,1539.0531760058366,299.0,8.084024730409677,0.0,1500,1500,1500,1500,1500,1500,1500,1500,1500,1500,1500
,Aggregated,110,0,1511.5699660091195,1519.3454197015274,1511.5699660091195,1539.0531760058366,299.0,8.084024730409677,0.0,1500,1500,1500,1500,1500,1500,1500,1500,1500,1500,1500
