Type,Name,Request Count,Failure Count,Median Response Time,Average Response Time,Min Response Time,Max Response Time,Average Content Size,Requests/s,Failures/s,50%,66%,75%,80%,90%,95%,98%,99%,99.9%,99.99%,100%
POST,chat.failing_provider,1533,0,37,372.3768696633135,3.832292015431449,2629.498483991483,168.0,12.746557417718238,0.0,37,580,810,890,1000,1100,1300,2400,2600,2600,2600
POST,chat.failover,2213,0,80,401.6676818906145,15.897258999757469,2752.8988650010433,294.0,18.400607674762206,0.0,80,630,860,940,1100,1200,1300,1400,2600,2800,2800
POST,chat.normal,3765,0,82,419.7743983467213,16.133380006067455,2685.520622995682,292.0,31.305145908486082,0.0,82,680,860,950,1100,1200,1300,2400,2600,2700,2700
POST,chat.slow_provider,1401,0,1600,1965.6875065122263,1517.3086120048538,4120.730077993358,299.0,11.649006485468526,0.0,1600,2200,2400,2500,2700,2800,3400,4000,4100,4100,4100
,Aggregated,8912,0,190,650.148465845696,3.832292015431449,4120.730077993358,272.26716786355473,74.10131748643505,0.0,190,900,1100,1200,1600,2400,2600,2700,4000,4100,4100
